Time;Qi;Position VL;P amont;P aval
2021-09-09T13:55:00+02:00;3587.5;93;605.75;494
2021-09-09T14:00:00+02:00;3605.7;93.3;605.6;494
2021-09-09T14:05:00+02:00;3617.1;94.1;605.7;494
2021-09-09T14:10:00+02:00;3527.5;91.5;606;494
2021-09-09T14:15:00+02:00;3601;92.9;605.7;494
2021-09-09T14:20:00+02:00;3735.2;96.7;605.2;494
2021-09-09T14:25:00+02:00;3772.8;99.5;605.1;494
2021-09-09T14:30:00+02:00;3817.3;101.5;604.7;494
2021-09-09T14:35:00+02:00;3878.9;103.1;604.6;494
2021-09-09T14:40:00+02:00;3946.7;105.3;604.5;494
2021-09-09T14:45:00+02:00;3981.8888888888887;106;603.2222222222222;494
2021-09-09T14:50:00+02:00;3953.7;105.1;603;493.4
2021-09-09T14:55:00+02:00;3414;85.9;603.9;492.9
2021-09-09T15:00:00+02:00;3283.2;78.7;605.8;492
2021-09-09T15:05:00+02:00;3438.8;83.2;606.3;492
2021-09-09T15:10:00+02:00;3595.1;88.4;606.3;491
2021-09-09T15:15:00+02:00;3752.3;95.8;606;491
2021-09-09T15:20:00+02:00;3829.6;99.9;605.1;491
2021-09-09T15:25:00+02:00;3948.4;103.3;605;491
2021-09-09T15:30:00+02:00;3960.7;104;604.7;491
2021-09-09T15:35:00+02:00;3939.8;104;604;491
2021-09-09T15:40:00+02:00;3918.1111111111113;104.55555555555556;604;491
2021-09-09T15:45:00+02:00;3866.6;103;604;491
2021-09-09T15:50:00+02:00;3746.1;99.7;604.1;491
2021-09-09T15:55:00+02:00;3640.5;97.3;604.7;491
2021-09-09T16:00:00+02:00;3541.6;93.4;605;491
2021-09-09T16:05:00+02:00;3427.5;87.8;606;491
2021-09-09T16:10:00+02:00;3376.5;85;606.3;491.5
2021-09-09T16:15:00+02:00;3352.6;84.2;606.7;492
2021-09-09T16:20:00+02:00;3319.8;82.5;606.9;492
2021-09-09T16:25:00+02:00;3305.5555555555557;82.11111111111111;607.3333333333334;492
2021-09-09T16:30:00+02:00;3245.7;79.5;607.7;492
2021-09-09T16:35:00+02:00;3162.3;77;608;492
2021-09-09T16:40:00+02:00;3188.2;78;608.1;492.1
2021-09-09T16:45:00+02:00;3162.2;76.5;608.4;492.7
2021-09-09T16:50:00+02:00;3114.6;75.4;608.1;493
2021-09-09T16:55:00+02:00;3069.3;72.9;609;493
2021-09-09T17:00:00+02:00;3045;72.4;609;493
2021-09-09T17:05:00+02:00;2995;71;609;493
2021-09-09T17:10:00+02:00;3110.3;74.2;610;493
2021-09-09T17:15:00+02:00;3082.5555555555557;73.44444444444444;610;493
2021-09-09T17:20:00+02:00;3051;73.3;610;493
2021-09-09T17:25:00+02:00;3039.5;73;610;493
2021-09-09T17:30:00+02:00;3043.8;73.2;609.3;493
2021-09-09T17:35:00+02:00;3072.5;74;609.6;493
2021-09-09T17:40:00+02:00;3175.3;76.7;609;493
2021-09-09T17:45:00+02:00;3210.9;77;609;493.4
2021-09-09T17:50:00+02:00;3210.9;77.5;608.9;493.8
2021-09-09T17:55:00+02:00;3239.8;78.3;608;493.7
2021-09-09T18:00:00+02:00;3267.3;79.3;608;494
2021-09-09T18:05:00+02:00;3274;79.8;608;493.5
2021-09-09T18:10:00+02:00;3261.5;79.2;608;493.4
2021-09-09T18:15:00+02:00;3416.5555555555557;85.88888888888889;607.6666666666666;493.77777777777777
2021-09-09T18:20:00+02:00;3459.8;88.3;607;494
2021-09-09T18:25:00+02:00;3466.9;88.5;606.3;494
2021-09-09T18:30:00+02:00;3494.6;89.3;606;494
2021-09-09T18:35:00+02:00;3533.8;90.5;606;494
2021-09-09T18:40:00+02:00;3577.4;91.6;606;494
2021-09-09T18:45:00+02:00;3559.5;90.7;606;494
2021-09-09T18:50:00+02:00;3542.8;90;606;494
2021-09-09T18:55:00+02:00;3549.2;90.2;606.3;493.8
2021-09-09T19:00:00+02:00;3594;91.8;606;494
2021-09-09T19:05:00+02:00;3602.6;92.2;606;493.5
2021-09-09T19:10:00+02:00;3579;91.88888888888889;606;493.3333333333333
2021-09-09T19:15:00+02:00;3600;92;606.2;493
2021-09-09T19:20:00+02:00;3625;92.8;606;493
2021-09-09T19:25:00+02:00;3630.5;93;606;493
2021-09-09T19:30:00+02:00;3626.1;92.6;606;493
2021-09-09T19:35:00+02:00;3593;92;606;493
2021-09-09T19:40:00+02:00;3572.5;91.7;606;493
2021-09-09T19:45:00+02:00;3533.6;89.9;606.3;493
2021-09-09T19:50:00+02:00;3493.5;88.7;606.3;493
2021-09-09T19:55:00+02:00;3387.3;86;607;493
2021-09-09T20:00:00+02:00;3395;85.7;607.3;493
2021-09-09T20:05:00+02:00;3420.6666666666665;86.88888888888889;607;493
2021-09-09T20:10:00+02:00;3490;88.8;607.3;493
2021-09-09T20:15:00+02:00;3528.5;90.2;607;493
2021-09-09T20:20:00+02:00;3552.5;90.2;607;493
2021-09-09T20:25:00+02:00;3552;91;606.7;493
2021-09-09T20:30:00+02:00;3608.7;92.8;606.6;493
2021-09-09T20:35:00+02:00;3630;93;606.5;493
2021-09-09T20:40:00+02:00;3698.2;95.6;606.3;493
2021-09-09T20:45:00+02:00;3725.8;96.7;606;493
2021-09-09T20:50:00+02:00;3683.777777777778;95.33333333333333;606;493
2021-09-09T20:55:00+02:00;3581.2;92.5;606;493
2021-09-09T21:00:00+02:00;3521.3;90;606.3;493
2021-09-09T21:05:00+02:00;3494.3;89;606.5;493
2021-09-09T21:10:00+02:00;3468;88.7;606.7;493
2021-09-09T21:15:00+02:00;3444.2;87.8;607;493
2021-09-09T21:20:00+02:00;3380.3;86.2;607.4;493
2021-09-09T21:25:00+02:00;3343.5;85.3;607.8;493
2021-09-09T21:30:00+02:00;3362.6;85.7;608;493
2021-09-09T21:35:00+02:00;3378;86.2;608;493
2021-09-09T21:40:00+02:00;3356;85.22222222222223;608;493
2021-09-09T21:45:00+02:00;3356.6;85.3;608;493
2021-09-09T21:50:00+02:00;3377.1;86.2;608;493
2021-09-09T21:55:00+02:00;3397.3;86.7;608;493
2021-09-09T22:00:00+02:00;3360.3;86;607.7;494
2021-09-09T22:05:00+02:00;3369.5;86.2;608;494
2021-09-09T22:10:00+02:00;3301;83.3;608;494
2021-09-09T22:15:00+02:00;3237.6;80.8;608.4;494
2021-09-09T22:20:00+02:00;3179.2;78.5;608.5;494
2021-09-09T22:25:00+02:00;3129.6;77.4;609;494.9
2021-09-09T22:30:00+02:00;3131.4444444444443;77.22222222222223;609;495
2021-09-09T22:35:00+02:00;3171.5;78.7;609;495
2021-09-09T22:40:00+02:00;3151;78;609;495
2021-09-09T22:45:00+02:00;3128.8;77.1;609;495
2021-09-09T22:50:00+02:00;3101.1;76.4;609.4;495
2021-09-09T22:55:00+02:00;3097.9;76.8;609.6;495
2021-09-09T23:00:00+02:00;3063.3;75.5;609.6;495
2021-09-09T23:05:00+02:00;2987.7;73.3;610;495
2021-09-09T23:10:00+02:00;2941.5;71.8;611;495
2021-09-09T23:15:00+02:00;2898.5555555555557;70.11111111111111;611.6666666666666;495
2021-09-09T23:20:00+02:00;2881.3;70;612;495
2021-09-09T23:25:00+02:00;2917.3;70.7;611.5;495
2021-09-09T23:30:00+02:00;2957.7;72.2;611;495
2021-09-09T23:35:00+02:00;2975;73;611;495
2021-09-09T23:40:00+02:00;2976.8;73;611;495
2021-09-09T23:45:00+02:00;2985.1;73;610.9;495
2021-09-09T23:50:00+02:00;2996.5;73.8;610;495
2021-09-09T23:55:00+02:00;3004.5;73.7;610.6;495
2021-09-10T00:00:00+02:00;3045.777777777778;75.33333333333333;610;495
2021-09-10T00:05:00+02:00;3065;76;610;495
2021-09-10T00:10:00+02:00;3083.2;76.6;610;495
2021-09-10T00:15:00+02:00;3107.3;77.5;610;496
2021-09-10T00:20:00+02:00;3088.7;77;610;496
2021-09-10T00:25:00+02:00;3040;75.5;610;496
2021-09-10T00:30:00+02:00;3049.777777777778;75.88888888888889;610;496
2021-09-10T00:35:00+02:00;3045.3;75.4;610;496
2021-09-10T00:40:00+02:00;3051;75.5;610;496
2021-09-10T00:45:00+02:00;3071;76;610;496
2021-09-10T00:50:00+02:00;3034.6;75.4;610;496
2021-09-10T00:55:00+02:00;2935.9;72.3;610;496
2021-09-10T01:00:00+02:00;2914.9;71.1;610.6;496
2021-09-10T01:05:00+02:00;2843.9;69.6;611;496
2021-09-10T01:10:00+02:00;2868.8;70.4;611;496
2021-09-10T01:15:00+02:00;2895;71;611;496
2021-09-10T01:20:00+02:00;2896;71;611;496
2021-09-10T01:25:00+02:00;2899.3;70.9;611;496
2021-09-10T01:30:00+02:00;2934.6666666666665;72;611;496
2021-09-10T01:35:00+02:00;2875.1;70.5;611;496
2021-09-10T01:40:00+02:00;2882.8;71;611;496
2021-09-10T01:45:00+02:00;2851.1;69.9;611;496
2021-09-10T01:50:00+02:00;2821.3;69;611.9;496.2
2021-09-10T01:55:00+02:00;2842.5;69.5;612;496.1
2021-09-10T02:00:00+02:00;2900.9;71.4;611.8;496.4
2021-09-10T02:05:00+02:00;2937.7;73;611.5;497
2021-09-10T02:10:00+02:00;2956.5;73.5;611;497
2021-09-10T02:15:00+02:00;2929.4444444444443;73.22222222222223;611;497
2021-09-10T02:20:00+02:00;2920;72.1;611;497
2021-09-10T02:25:00+02:00;2929.2;72.8;611;497
2021-09-10T02:30:00+02:00;2964.5;73.9;611;497.3
2021-09-10T02:35:00+02:00;2931.5;73;611;497
2021-09-10T02:40:00+02:00;2934.3;73;611;497.6
2021-09-10T02:45:00+02:00;2964.5;74;611;497.5
2021-09-10T02:50:00+02:00;2939.2;73.3;611;497.3
2021-09-10T02:55:00+02:00;2912.6;73;611;497.9
2021-09-10T03:00:00+02:00;2893.9;72.1;611;498
2021-09-10T03:05:00+02:00;2884.5;72.3;611;498
2021-09-10T03:10:00+02:00;2899.3333333333335;73;611.4444444444445;497.77777777777777
2021-09-10T03:15:00+02:00;2907.6;73;611.3;498
2021-09-10T03:20:00+02:00;2843.6;71.2;611.7;497.9
2021-09-10T03:25:00+02:00;2851;71.2;612;497.9
2021-09-10T03:30:00+02:00;2868.7;71.3;611.8;498
2021-09-10T03:35:00+02:00;2891;72.5;612;497.5
2021-09-10T03:40:00+02:00;2952.1;73.7;611.7;498
2021-09-10T03:45:00+02:00;2957;74.2;611;498
2021-09-10T03:50:00+02:00;2998.5;75.5;611.3;498
2021-09-10T03:55:00+02:00;3051.3;76.8;611;498
2021-09-10T04:00:00+02:00;3040.4444444444443;77;611;498
2021-09-10T04:05:00+02:00;3045;77.5;611;498
2021-09-10T04:10:00+02:00;3063;77.8;610.5;498.2
2021-09-10T04:15:00+02:00;3070.8;78.1;611;498.3
2021-09-10T04:20:00+02:00;3135.3;80.1;610.3;498.1
2021-09-10T04:25:00+02:00;3159.3;81;610;499
2021-09-10T04:30:00+02:00;3138.6;80.4;610;499
2021-09-10T04:35:00+02:00;3064.3;78.2;610;499
2021-09-10T04:40:00+02:00;2987;76.2;610;499
2021-09-10T04:45:00+02:00;2977.3;76;611;499
2021-09-10T04:50:00+02:00;2985.6666666666665;75.77777777777777;611;499
2021-09-10T04:55:00+02:00;2928.5;74.1;611;499
2021-09-10T05:00:00+02:00;2967.5;75.8;611;498.8
2021-09-10T05:05:00+02:00;2993.7;76;611;499
2021-09-10T05:10:00+02:00;3002;76.5;611;498.7
2021-09-10T05:15:00+02:00;3006.5;76.7;611;499
2021-09-10T05:20:00+02:00;2995.7;76.6;611;498.8
2021-09-10T05:25:00+02:00;2978.8;76.2;611;498.4
2021-09-10T05:30:00+02:00;3053.5;78;611;499
2021-09-10T05:35:00+02:00;3031.3333333333335;77.22222222222223;611;499
2021-09-10T05:40:00+02:00;3081.6;78.4;611;499
2021-09-10T05:45:00+02:00;3128;80.1;610.6;499
2021-09-10T05:50:00+02:00;3196.3;82.7;610;499
2021-09-10T05:55:00+02:00;3270.1;86.5;610;499
2021-09-10T06:00:00+02:00;3238.2;85.8;609.4;499
2021-09-10T06:05:00+02:00;3312.3;87.7;609;499
2021-09-10T06:10:00+02:00;3368.3;90;609;499
2021-09-10T06:15:00+02:00;3524.3;94.8;608.3;499
2021-09-10T06:20:00+02:00;3538.5;96.1;608;499
2021-09-10T06:25:00+02:00;3492.1;94.7;607.7;499
2021-09-10T06:30:00+02:00;3469.6666666666665;93.44444444444444;608;499
2021-09-10T06:35:00+02:00;3499.2;96.2;608;499
2021-09-10T06:40:00+02:00;3427;95.3;608;499
2021-09-10T06:45:00+02:00;3528.2;98.3;607.9;498.2
2021-09-10T06:50:00+02:00;3568.5;99.6;607.3;498.2
2021-09-10T06:55:00+02:00;3596.7;100.5;607.5;498
2021-09-10T07:00:00+02:00;3631.4;101.3;607.2;498
2021-09-10T07:05:00+02:00;3657.4;102.2;607.2;498
2021-09-10T07:10:00+02:00;3533.5;99;607.2;497.8
2021-09-10T07:15:00+02:00;3563.1;99;607.7;497.4
2021-09-10T07:20:00+02:00;3621.4444444444443;100.77777777777777;607.4444444444445;497
2021-09-10T07:25:00+02:00;3670.3;102;607.2;497
2021-09-10T07:30:00+02:00;3722.6;103.1;607.3;497
2021-09-10T07:35:00+02:00;3750.5;104;607;496.6
2021-09-10T07:40:00+02:00;3736.7;104.1;606.5;496
2021-09-10T07:45:00+02:00;3777.7;104.5;606.4;496
2021-09-10T07:50:00+02:00;3804;106.8;606.3;496
2021-09-10T07:55:00+02:00;3796.5;106.5;606.2;496
2021-09-10T08:00:00+02:00;3803.3;107;606;496
2021-09-10T08:05:00+02:00;3796.9;105.4;606;496
2021-09-10T08:10:00+02:00;3780.5555555555557;104.55555555555556;606;496
2021-09-10T08:15:00+02:00;3729.4;104;606.3;495.4
2021-09-10T08:20:00+02:00;3703.8;103;606.3;495.2
2021-09-10T08:25:00+02:00;3665.4;101.3;606.7;495
2021-09-10T08:30:00+02:00;3612.7;100.3;606.5;495
2021-09-10T08:35:00+02:00;3549.9;98.2;607;495
2021-09-10T08:40:00+02:00;3500;95.4;607.3;495
2021-09-10T08:45:00+02:00;3526.7;95.3;607.5;494.4
2021-09-10T08:50:00+02:00;3613.3;100;607.7;494.2
2021-09-10T08:55:00+02:00;3567;98;607.5;494
2021-09-10T09:00:00+02:00;3664.3;101.7;607.2;494
2021-09-10T09:05:00+02:00;3653.8888888888887;101.33333333333333;607;494
2021-09-10T09:10:00+02:00;3604.8;99.5;607.5;494
2021-09-10T09:15:00+02:00;3528.7;97.3;607.3;494
2021-09-10T09:20:00+02:00;3525.3;97.2;607.5;493.8
2021-09-10T09:25:00+02:00;3548.2;98;607.5;493.2
2021-09-10T09:30:00+02:00;3607;99.8;607.5;493.3
2021-09-10T09:35:00+02:00;3656.4;101.6;607.2;493.6
2021-09-10T09:40:00+02:00;3730.5;103.2;606.9;493
2021-09-10T09:45:00+02:00;3808.9;105.4;606;493
2021-09-10T09:50:00+02:00;3832.3333333333335;106;606;493
2021-09-10T09:55:00+02:00;3820.2;106.1;606;493
2021-09-10T10:00:00+02:00;3852.7;107.1;606;493
2021-09-10T10:05:00+02:00;3944.6;109.6;606;493
2021-09-10T10:10:00+02:00;3814.7;106;605.7;493
2021-09-10T10:15:00+02:00;3738.5;103.6;605;493
2021-09-10T10:20:00+02:00;3648.5;100.8;605.2;492.8
2021-09-10T10:25:00+02:00;3566.3;97.7;606.2;492.6
2021-09-10T10:30:00+02:00;3506.1;95.9;607.2;492
2021-09-10T10:35:00+02:00;3462.7;94.5;607.6;492
2021-09-10T10:40:00+02:00;3381.3333333333335;91.55555555555556;607.5555555555555;492
2021-09-10T10:45:00+02:00;3402.3;89.7;607.9;492
2021-09-10T10:50:00+02:00;3471.9;91.3;608;492
2021-09-10T10:55:00+02:00;3571.2;94.5;607.5;492
2021-09-10T11:00:00+02:00;3711.4;99.9;607.4;492
2021-09-10T11:05:00+02:00;3775;102.7;606.5;492
2021-09-10T11:10:00+02:00;3779.5;102.8;606;492
2021-09-10T11:15:00+02:00;3741.2;102;606;491.6
2021-09-10T11:20:00+02:00;3742.5;101.7;606;491.2
2021-09-10T11:25:00+02:00;3775.7;103.2;606;491
2021-09-10T11:30:00+02:00;3792.5;103.4;606;491
2021-09-10T11:35:00+02:00;3780.5555555555557;103.44444444444444;605.4444444444445;491
2021-09-10T11:40:00+02:00;3794.9;104.1;605.9;491
2021-09-10T11:45:00+02:00;3817.5;105;605;491
2021-09-10T11:50:00+02:00;3749.1;102.6;605.8;491
2021-09-10T11:55:00+02:00;3767.4;103.4;605.5;491
2021-09-10T12:00:00+02:00;3764;103;606;491
2021-09-10T12:05:00+02:00;3748.3;102.5;605.5;491
2021-09-10T12:10:00+02:00;3762.6;102.6;605.8;490.7
2021-09-10T12:15:00+02:00;3702.777777777778;100.77777777777777;605.7777777777778;490.77777777777777
2021-09-10T12:20:00+02:00;3610.8;97.6;606;490.5
2021-09-10T12:25:00+02:00;3472.2;93.8;606.3;490
2021-09-10T12:30:00+02:00;3363.5;88.9;607;490
2021-09-10T12:35:00+02:00;3269.8;84.5;607.5;490
2021-09-10T12:40:00+02:00;3220.6;83;608;490
2021-09-10T12:45:00+02:00;3210.1;82.7;608.3;490
2021-09-10T12:50:00+02:00;3147;79.3;608.7;490
2021-09-10T12:55:00+02:00;3119;78;609;490
2021-09-10T13:00:00+02:00;3074.8;76.9;609.3;490
2021-09-10T13:05:00+02:00;3052.5;76.2;609.3;490
2021-09-10T13:10:00+02:00;3048.3333333333335;76;609.7777777777778;490
2021-09-10T13:15:00+02:00;3038.8;75.6;610;490
2021-09-10T13:20:00+02:00;2999.3;74.8;610;490
2021-09-10T13:25:00+02:00;2993.2;74.5;610;490
2021-09-10T13:30:00+02:00;3040.8;75.2;610;490
2021-09-10T13:35:00+02:00;3083.6;75.9;610.3;490
2021-09-10T13:40:00+02:00;3120.4;76.7;610;490
2021-09-10T13:45:00+02:00;3132.8;77.3;610.4;490
2021-09-10T13:50:00+02:00;3134.2;77.8;611;490
2021-09-10T13:55:00+02:00;3127.5;78;610.2;490
2021-09-10T14:00:00+02:00;3072.5;76;610;490
2021-09-10T14:05:00+02:00;3001.5555555555557;74;610;490
2021-09-10T14:10:00+02:00;3001.4;74;610;490
2021-09-10T14:15:00+02:00;2996.9;73.4;610;490
2021-09-10T14:20:00+02:00;2992.4;73.8;610;490
2021-09-10T14:25:00+02:00;3020.7;74.8;610;490
2021-09-10T14:30:00+02:00;3003.5;75;610;490
2021-09-10T14:35:00+02:00;2969.9;74.1;610;490
2021-09-10T14:40:00+02:00;2931.9;73.1;610;490
2021-09-10T14:45:00+02:00;2938.9;73.6;610.2;490
2021-09-10T14:50:00+02:00;2927.9;72.8;610.3;490.2
2021-09-10T14:55:00+02:00;2900;72;611;490
2021-09-10T15:00:00+02:00;2904.777777777778;71.22222222222223;610.7777777777778;490
2021-09-10T15:05:00+02:00;2902.3;71;611;490.9
2021-09-10T15:10:00+02:00;2894.9;71;610.7;491
2021-09-10T15:15:00+02:00;2930.9;71.3;611;491
2021-09-10T15:20:00+02:00;2957.2;72.5;610.7;491
2021-09-10T15:25:00+02:00;3006.5;74;610.2;491
2021-09-10T15:30:00+02:00;3034.7;75;610;491
2021-09-10T15:35:00+02:00;2998.2;74.8;610;491
2021-09-10T15:40:00+02:00;2980.8;74;610;491
2021-09-10T15:45:00+02:00;2964;73.1;610;491.3
2021-09-10T15:50:00+02:00;2965.5;73;610;491.8
2021-09-10T15:55:00+02:00;2970.1111111111113;73;610;492
2021-09-10T16:00:00+02:00;2956.8;73;610;492
2021-09-10T16:05:00+02:00;2950.1;72.6;610;492
2021-09-10T16:10:00+02:00;2943.6;72.2;610;492
2021-09-10T16:15:00+02:00;3008.2;74;610;492
2021-09-10T16:20:00+02:00;3019.7;74;610;492
2021-09-10T16:25:00+02:00;3026.8;74.5;610;492
2021-09-10T16:30:00+02:00;3037;75;610;492
2021-09-10T16:35:00+02:00;3032.5;74.6;609.8;492
2021-09-10T16:40:00+02:00;3023.3333333333335;74.88888888888889;609.6666666666666;492
2021-09-10T16:45:00+02:00;3025.2;75;609.5;492
2021-09-10T16:50:00+02:00;2960.5;73;610;492
2021-09-10T16:55:00+02:00;2931.9;72.1;610;492
2021-09-10T17:00:00+02:00;2953.4;73;610;492
2021-09-10T17:05:00+02:00;2933.9;72;610;492.4
2021-09-10T17:10:00+02:00;2932.6;72.7;610;493
2021-09-10T17:15:00+02:00;3012.5;75.3;610;493
2021-09-10T17:20:00+02:00;3058.7;77;610;493
2021-09-10T17:25:00+02:00;3095.5;77.3;610;493
2021-09-10T17:30:00+02:00;3116.8888888888887;77.88888888888889;609;493
2021-09-10T17:35:00+02:00;3095;76.5;609;493
2021-09-10T17:40:00+02:00;3080.5;76;609;493
2021-09-10T17:45:00+02:00;3064.2;76.5;609;493.7
2021-09-10T17:50:00+02:00;3039.5;76.2;609;493.8
2021-09-10T17:55:00+02:00;3039.7;76.8;609;494
2021-09-10T18:00:00+02:00;2945.1;73.8;609.3;494
2021-09-10T18:05:00+02:00;2867.6;71.6;610;494
2021-09-10T18:10:00+02:00;2908.4;71.3;610;494
2021-09-10T18:15:00+02:00;2934.5;72;610;494
2021-09-10T18:20:00+02:00;2969.777777777778;73.11111111111111;610;493.55555555555554
2021-09-10T18:25:00+02:00;2966;73.7;610;493.8
2021-09-10T18:30:00+02:00;3025.7;75.3;610;493.5
2021-09-10T18:35:00+02:00;3066.5;76.2;610;493.2
2021-09-10T18:40:00+02:00;3084.2;76.7;609;493.3
2021-09-10T18:45:00+02:00;3098.3;77.4;609;493
2021-09-10T18:50:00+02:00;3106.3;78;609;493
2021-09-10T18:55:00+02:00;3106.6;78;608.2;493
2021-09-10T19:00:00+02:00;3081.7;77.7;608.2;493
2021-09-10T19:05:00+02:00;3081.5;78;608.8;493
2021-09-10T19:10:00+02:00;3153;80.2;609;493
2021-09-10T19:15:00+02:00;3205.1111111111113;82.33333333333333;608.8888888888889;493
2021-09-10T19:20:00+02:00;3219;82.5;608.3;493
2021-09-10T19:25:00+02:00;3212.8;82.2;608.2;493
2021-09-10T19:30:00+02:00;3229.4;82.6;608;493
2021-09-10T19:35:00+02:00;3178.2;81;608;493.2
2021-09-10T19:40:00+02:00;3164.2;80.9;608;493
2021-09-10T19:45:00+02:00;3128.5;79.1;608.9;493
2021-09-10T19:50:00+02:00;3100.9;78.4;609;493
2021-09-10T19:55:00+02:00;3085.5;77.5;609;493
2021-09-10T20:00:00+02:00;3067.7;77.3;609;493
2021-09-10T20:05:00+02:00;3071.2;77.2;609;493
2021-09-10T20:10:00+02:00;3106.5555555555557;78;609.3333333333334;493
2021-09-10T20:15:00+02:00;3118.5;78;609;493
2021-09-10T20:20:00+02:00;3073;77.3;609;493
2021-09-10T20:25:00+02:00;3067.7;77;609;492.7
2021-09-10T20:30:00+02:00;3066;77;609.5;493
2021-09-10T20:35:00+02:00;3071.6;77;609.2;493
2021-09-10T20:40:00+02:00;3051.6;76.8;609.5;492.9
2021-09-10T20:45:00+02:00;3061.3;77;609.2;492
2021-09-10T20:50:00+02:00;3065.2;77;609.5;492.4
2021-09-10T20:55:00+02:00;3048.2;76.8;610;492
2021-09-10T21:00:00+02:00;3009.2;75.3;610;492.5
2021-09-10T21:05:00+02:00;2966.1111111111113;73.77777777777777;610;492.1111111111111
2021-09-10T21:10:00+02:00;2928;73;610;492.6
2021-09-10T21:15:00+02:00;2937.5;73.2;610.7;492.5
2021-09-10T21:20:00+02:00;2962.5;74.3;610.5;493
2021-09-10T21:25:00+02:00;2907.4;72.2;611;493
2021-09-10T21:30:00+02:00;2936.2;73.5;611;493
2021-09-10T21:35:00+02:00;2990.1;74.6;611;493
2021-09-10T21:40:00+02:00;2976.4;74.4;610.8;493
2021-09-10T21:45:00+02:00;2933.1;73.7;610.7;493
2021-09-10T21:50:00+02:00;2913.5555555555557;73;611;493
2021-09-10T21:55:00+02:00;2931.5;73.1;611;493
2021-09-10T22:00:00+02:00;2909.3;73.2;611;493
2021-09-10T22:05:00+02:00;2811;69.8;611;493
2021-09-10T22:10:00+02:00;2775.3;68.5;611.5;493
2021-09-10T22:15:00+02:00;2786;69.2;612;493
2021-09-10T22:20:00+02:00;2793.3;69.6;612;493.5
2021-09-10T22:25:00+02:00;2775.5;68.9;612;493.9
2021-09-10T22:30:00+02:00;2752.9;68.2;612;494
2021-09-10T22:35:00+02:00;2720.8;67.2;612.2;494
2021-09-10T22:40:00+02:00;2744.7;68.3;612.3;494
2021-09-10T22:45:00+02:00;2762.4;68.5;613;494
2021-09-10T22:50:00+02:00;2778.222222222222;69;612.6666666666666;494
2021-09-10T22:55:00+02:00;2776;69;612.2;494
2021-09-10T23:00:00+02:00;2769.5;69;612.5;494
2021-09-10T23:05:00+02:00;2724.2;67.5;612.6;494
2021-09-10T23:10:00+02:00;2716.2;67.5;613;494
2021-09-10T23:15:00+02:00;2697;66.8;613;494.2
2021-09-10T23:20:00+02:00;2699;66.7;613;494.7
2021-09-10T23:25:00+02:00;2732.3;67.8;613.3;495
2021-09-10T23:30:00+02:00;2760.6;68.6;613;495
2021-09-10T23:35:00+02:00;2807.6666666666665;70;613;495
2021-09-10T23:40:00+02:00;2788.4;70;613;495
2021-09-10T23:45:00+02:00;2784.9;70;613;495
2021-09-10T23:50:00+02:00;2763.5;69.4;613;495
2021-09-10T23:55:00+02:00;2711;67.5;613;495
2021-09-11T00:00:00+02:00;2623.8;65.7;613;495
2021-09-11T00:05:00+02:00;2607;64.9;613.1;495.5
2021-09-11T00:10:00+02:00;2596.9;63.8;613.5;495.4
2021-09-11T00:15:00+02:00;2528.8;62;614;496
2021-09-11T00:20:00+02:00;2473;59.9;614.5;495.3
2021-09-11T00:25:00+02:00;2448.6666666666665;59.77777777777778;614.6666666666666;495.1111111111111
2021-09-11T00:30:00+02:00;2465.5;59.7;615;495.4
2021-09-11T00:35:00+02:00;2479;60.2;615;495
2021-09-11T00:40:00+02:00;2486;60.5;615;495
2021-09-11T00:45:00+02:00;2526;61.8;615;495
2021-09-11T00:50:00+02:00;2509.2;61;615;495.2
2021-09-11T00:55:00+02:00;2524.5;61.7;615;495
2021-09-11T01:00:00+02:00;2531.9;62;615;495
2021-09-11T01:05:00+02:00;2516.1;61.6;615;495
2021-09-11T01:10:00+02:00;2490;60.44444444444444;615;495
2021-09-11T01:15:00+02:00;2477.5;60;615;495.3
2021-09-11T01:20:00+02:00;2544.7;62.7;615;495.5
2021-09-11T01:25:00+02:00;2567.7;63;615;495.5
2021-09-11T01:30:00+02:00;2564.4;63.3;615;495.7
2021-09-11T01:35:00+02:00;2525.9;62.4;615;496
2021-09-11T01:40:00+02:00;2513.6;62.3;615;496
2021-09-11T01:45:00+02:00;2540.8;63;615;496
2021-09-11T01:50:00+02:00;2544.3;63;615;496
2021-09-11T01:55:00+02:00;2520.5;62;615;496
2021-09-11T02:00:00+02:00;2474.4;60.2;615;496
2021-09-11T02:05:00+02:00;2454.6666666666665;59.44444444444444;615;496
2021-09-11T02:10:00+02:00;2404;58;615.2;496
2021-09-11T02:15:00+02:00;2379.8;57;616;496
2021-09-11T02:20:00+02:00;2373.7;56.8;616;496
2021-09-11T02:25:00+02:00;2352.5;56;616;496
2021-09-11T02:30:00+02:00;2366.5;56;616.3;496
2021-09-11T02:35:00+02:00;2287.7;54.4;617;496
2021-09-11T02:40:00+02:00;2312;55.1;617;496
2021-09-11T02:45:00+02:00;2364.7;56.5;617;496
2021-09-11T02:50:00+02:00;2374.7;56.8;617;496
2021-09-11T02:55:00+02:00;2335.8;56.2;617;496
2021-09-11T03:00:00+02:00;2359.1111111111113;56.666666666666664;617;496
2021-09-11T03:05:00+02:00;2365;57;617;496
2021-09-11T03:10:00+02:00;2436.9;59.1;616.8;496
2021-09-11T03:15:00+02:00;2513.7;61.3;616;496
2021-09-11T03:20:00+02:00;2570.4;63.2;616;496
2021-09-11T03:25:00+02:00;2614.5;64.5;615.1;496
2021-09-11T03:30:00+02:00;2654.1;66;615;496
2021-09-11T03:35:00+02:00;2643.8;66;615;496.3
2021-09-11T03:40:00+02:00;2629.3;65;614.6;496
2021-09-11T03:45:00+02:00;2629.5;65.5;614.8;497
2021-09-11T03:50:00+02:00;2637.5;66;614.5;496.8
2021-09-11T03:55:00+02:00;2620.222222222222;65.55555555555556;614;496.8888888888889
2021-09-11T04:00:00+02:00;2585;64.3;614;497
2021-09-11T04:05:00+02:00;2587.5;65;614.2;497
2021-09-11T04:10:00+02:00;2586.5;64;615;497
2021-09-11T04:15:00+02:00;2521.7;62;615;497
2021-09-11T04:20:00+02:00;2540.3;62.7;615;497
2021-09-11T04:25:00+02:00;2590.1;64;615;497
2021-09-11T04:30:00+02:00;2576.4;64.4;615;497
2021-09-11T04:35:00+02:00;2533.5;62.7;615;497
2021-09-11T04:40:00+02:00;2501.4444444444443;62;615;497
2021-09-11T04:45:00+02:00;2507.2;62;615;497
2021-09-11T04:50:00+02:00;2521.1;62.4;615;497
2021-09-11T04:55:00+02:00;2524;62.8;615.3;497
2021-09-11T05:00:00+02:00;2539.5;63.5;615;497
2021-09-11T05:05:00+02:00;2578.6;64.6;615;497.2
2021-09-11T05:10:00+02:00;2651.9;66.4;615;497.6
2021-09-11T05:15:00+02:00;2701;68.2;614.7;497.7
2021-09-11T05:20:00+02:00;2777.4;70.7;614.1;498
2021-09-11T05:25:00+02:00;2847.7;72.8;613.4;498
2021-09-11T05:30:00+02:00;2877.777777777778;73.55555555555556;613;498
2021-09-11T05:35:00+02:00;2873;73.5;613;498.5
2021-09-11T05:40:00+02:00;2842.7;72.8;613;499
2021-09-11T05:45:00+02:00;2824.8;72.2;613;499
2021-09-11T05:50:00+02:00;2863.7;73.7;612.4;499
2021-09-11T05:55:00+02:00;2844.4;73.1;612.3;499
2021-09-11T06:00:00+02:00;2823.8;73;612.5;499
2021-09-11T06:05:00+02:00;2796.5;72;612.7;499
2021-09-11T06:10:00+02:00;2751.5;70.5;613;499.4
2021-09-11T06:15:00+02:00;2729.1111111111113;69.33333333333333;613;499.6666666666667
2021-09-11T06:20:00+02:00;2722.2;69.6;613;500
2021-09-11T06:25:00+02:00;2689;68.4;613;500
2021-09-11T06:30:00+02:00;2694.7;69;613;500
2021-09-11T06:35:00+02:00;2635.9;66.9;613.7;500
2021-09-11T06:40:00+02:00;2609;66;614;500
2021-09-11T06:45:00+02:00;2611.1;66;614;500
2021-09-11T06:50:00+02:00;2610.6;66.3;614;500
2021-09-11T06:55:00+02:00;2631;67;614;500
2021-09-11T07:00:00+02:00;2705.5;69;614;500
2021-09-11T07:05:00+02:00;2628.7;66.3;614;500
2021-09-11T07:10:00+02:00;2673;68.33333333333333;614;500
2021-09-11T07:15:00+02:00;2739.6;70.2;614;500
2021-09-11T07:20:00+02:00;2799.4;71.6;613.5;500
2021-09-11T07:25:00+02:00;2855.3;73.6;613;500
2021-09-11T07:30:00+02:00;2894.5;75;613;501
2021-09-11T07:35:00+02:00;2935.1;76.3;612.8;501
2021-09-11T07:40:00+02:00;2940;76.7;612;501
2021-09-11T07:45:00+02:00;2947.4;76.9;612;501
2021-09-11T07:50:00+02:00;2967.3;77.6;612;501
2021-09-11T07:55:00+02:00;2957.6;77.4;611.8;501
2021-09-11T08:00:00+02:00;2924.1111111111113;76.11111111111111;612;501
2021-09-11T08:05:00+02:00;2938.8;77;612;501
2021-09-11T08:10:00+02:00;2931;76.9;612;501
2021-09-11T08:15:00+02:00;2883.3;74.9;612;501
2021-09-11T08:20:00+02:00;2827;73.7;612;501
2021-09-11T08:25:00+02:00;2799.8;73;612;501
2021-09-11T08:30:00+02:00;2827.1;73.4;612.2;501
2021-09-11T08:35:00+02:00;2903.3;75.5;612;501
2021-09-11T08:40:00+02:00;2965.5;77.6;612;501
2021-09-11T08:45:00+02:00;2947.2;77.2;612;501
2021-09-11T08:50:00+02:00;2974;77.8;612;501
2021-09-11T08:55:00+02:00;3000.5555555555557;79.22222222222223;612;501
2021-09-11T09:00:00+02:00;3040.2;80.4;611.6;501
2021-09-11T09:05:00+02:00;3072.9;81.3;611;500.7
2021-09-11T09:10:00+02:00;3113.3;83.1;611;500.5
2021-09-11T09:15:00+02:00;3183.5;86;610.5;500.5
2021-09-11T09:20:00+02:00;3143.1;85;610;500.8
2021-09-11T09:25:00+02:00;3142.5;85.5;610;500.6
2021-09-11T09:30:00+02:00;3138.2;85.6;610;500.5
2021-09-11T09:35:00+02:00;3135.3;85;610;500.3
2021-09-11T09:40:00+02:00;3153;85.4;610;500
2021-09-11T09:45:00+02:00;3152.2;85.5;610;500
2021-09-11T09:50:00+02:00;3089.3333333333335;83;610;500
2021-09-11T09:55:00+02:00;3082.9;83;610;500
2021-09-11T10:00:00+02:00;3075;82.1;610;500
2021-09-11T10:05:00+02:00;3083.1;82.4;610.3;499.9
2021-09-11T10:10:00+02:00;3098.3;82.7;610.3;499.3
2021-09-11T10:15:00+02:00;3062.8;81.4;610.5;499
2021-09-11T10:20:00+02:00;2983.2;79;610.8;499
2021-09-11T10:25:00+02:00;2926.5;76.5;611;499
2021-09-11T10:30:00+02:00;2918;76;611;498.5
2021-09-11T10:35:00+02:00;2862.9;74.8;611.7;498
2021-09-11T10:40:00+02:00;2834.4;74;612;498
2021-09-11T10:45:00+02:00;2825.777777777778;74;612;498
2021-09-11T10:50:00+02:00;2829.2;73.8;612;497.8
2021-09-11T10:55:00+02:00;2821.5;72.6;612;497.7
2021-09-11T11:00:00+02:00;2942.4;75.6;612;497
2021-09-11T11:05:00+02:00;2948.5;76;611.9;497
2021-09-11T11:10:00+02:00;3004.8;77.8;611.2;497
2021-09-11T11:15:00+02:00;3066.7;80;611;497
2021-09-11T11:20:00+02:00;3101;81.5;610.8;497
2021-09-11T11:25:00+02:00;3110.5;81.8;610;497
2021-09-11T11:30:00+02:00;3095;81;610;497
2021-09-11T11:35:00+02:00;3086;81;610;496.5
2021-09-11T11:40:00+02:00;3125.3333333333335;82.44444444444444;610;496.44444444444446
2021-09-11T11:45:00+02:00;3128;83;609.3;496
2021-09-11T11:50:00+02:00;3123;82;609.8;496
2021-09-11T11:55:00+02:00;3099.1;81.4;609.7;496
2021-09-11T12:00:00+02:00;3010.7;79;610;496
2021-09-11T12:05:00+02:00;3012.9;78.4;610;496
2021-09-11T12:10:00+02:00;3028.2;78;610;496
2021-09-11T12:15:00+02:00;3036.5;78.3;610;495.2
2021-09-11T12:20:00+02:00;3055;80;610;495
2021-09-11T12:25:00+02:00;3112.5;81.7;610;495
2021-09-11T12:30:00+02:00;3120.6666666666665;82.44444444444444;609.8888888888889;494.6666666666667
2021-09-11T12:35:00+02:00;3060.2;79.7;609;494.7
2021-09-11T12:40:00+02:00;3090.2;79.8;609.6;494.7
2021-09-11T12:45:00+02:00;3106.2;80.7;609;494
2021-09-11T12:50:00+02:00;3088.5;80.3;609;494
2021-09-11T12:55:00+02:00;3088.3;80.9;609;494
2021-09-11T13:00:00+02:00;3088.8;80.1;609.3;494
2021-09-11T13:05:00+02:00;3107.1;80;609;494
2021-09-11T13:10:00+02:00;3087.8;79.8;609;494
2021-09-11T13:15:00+02:00;3032.777777777778;78.55555555555556;609.2222222222222;494
2021-09-11T13:20:00+02:00;3045.2;79;609.5;494
2021-09-11T13:25:00+02:00;3062.8;79;609.7;494
2021-09-11T13:30:00+02:00;3028.2;78.3;609.8;494
2021-09-11T13:35:00+02:00;2975.6;76.4;610;494
2021-09-11T13:40:00+02:00;2917.2;75;610;494
2021-09-11T13:45:00+02:00;2912;75;610.6;494
2021-09-11T13:50:00+02:00;2911.9;74.8;611;494
2021-09-11T13:55:00+02:00;2858.2;73;611;494
2021-09-11T14:00:00+02:00;2828.6666666666665;72.33333333333333;611;494
2021-09-11T14:05:00+02:00;2792.7;70.5;611;494
2021-09-11T14:10:00+02:00;2741.5;69;611.5;493.8
2021-09-11T14:15:00+02:00;2738.5;69;611.8;493.5
2021-09-11T14:20:00+02:00;2724.7;68.5;611.8;493.5
2021-09-11T14:25:00+02:00;2756.6;69.7;612;493.1
2021-09-11T14:30:00+02:00;2754.3;69.1;612;493
2021-09-11T14:35:00+02:00;2712.1;68.1;612;493
2021-09-11T14:40:00+02:00;2704;68.1;612;493
2021-09-11T14:45:00+02:00;2758.1;69.3;612;493
2021-09-11T14:50:00+02:00;2789.8888888888887;70.33333333333333;612;493
2021-09-11T14:55:00+02:00;2763;70;612;493
2021-09-11T15:00:00+02:00;2830.6;72.3;611.9;493
2021-09-11T15:05:00+02:00;2797.6;70.4;611.5;493.1
2021-09-11T15:10:00+02:00;2857.1;71.8;611.4;494
2021-09-11T15:15:00+02:00;2902.5;72.7;611;493.5
2021-09-11T15:20:00+02:00;2858.3;71.7;611;494
2021-09-11T15:25:00+02:00;2885.5;72;611;494
2021-09-11T15:30:00+02:00;2894;72;611;494
2021-09-11T15:35:00+02:00;2791.1111111111113;69.33333333333333;611;494
2021-09-11T15:40:00+02:00;2804.8;69.8;611;494
2021-09-11T15:45:00+02:00;2775.7;69;611;494
2021-09-11T15:50:00+02:00;2718.4;67.4;612;494
2021-09-11T15:55:00+02:00;2659.7;65.6;612;494
2021-09-11T16:00:00+02:00;2621.1;63.9;612.1;494
2021-09-11T16:05:00+02:00;2584;63;613;494
2021-09-11T16:10:00+02:00;2584;63;613;494
2021-09-11T16:15:00+02:00;2571.5;63;613;493.7
2021-09-11T16:20:00+02:00;2598;64;613;493.2
2021-09-11T16:25:00+02:00;2621.8;64.2;613;493.3
2021-09-11T16:30:00+02:00;2554.6666666666665;63;613;493
2021-09-11T16:35:00+02:00;2515.5;61.4;613;493
2021-09-11T16:40:00+02:00;2508.7;61;614;493
2021-09-11T16:45:00+02:00;2516.5;61;614;493
2021-09-11T16:50:00+02:00;2554.1;62.4;614;493
2021-09-11T16:55:00+02:00;2606.1;63.9;614;493
2021-09-11T17:00:00+02:00;2642.3;66;614;493.1
2021-09-11T17:05:00+02:00;2655.2;65.9;613.2;493.5
2021-09-11T17:10:00+02:00;2680.3;67;613;493
2021-09-11T17:15:00+02:00;2706;67;613;493
2021-09-11T17:20:00+02:00;2765.4;69.1;612.8;493
2021-09-11T17:25:00+02:00;2796;70;612.4444444444445;493
2021-09-11T17:30:00+02:00;2796.3;69.7;612;493.3
2021-09-11T17:35:00+02:00;2753.5;68.8;612;493
2021-09-11T17:40:00+02:00;2739.5;68.2;612;493
2021-09-11T17:45:00+02:00;2774.1;69.7;612;493
2021-09-11T17:50:00+02:00;2756.1;69.1;612;493
2021-09-11T17:55:00+02:00;2718.6;67.5;612;493
2021-09-11T18:00:00+02:00;2664.7;65.8;612.3;493
2021-09-11T18:05:00+02:00;2629;65;613;493
2021-09-11T18:10:00+02:00;2631.8;65.2;613;493
2021-09-11T18:15:00+02:00;2665;65.66666666666667;613;493
2021-09-11T18:20:00+02:00;2698.5;66.8;613;492.8
2021-09-11T18:25:00+02:00;2678.3;66.2;613;492.2
2021-09-11T18:30:00+02:00;2652;65;613;492
2021-09-11T18:35:00+02:00;2646.8;65.3;613;492
2021-09-11T18:40:00+02:00;2671;66.5;612.8;492
2021-09-11T18:45:00+02:00;2713.7;67;612;492
2021-09-11T18:50:00+02:00;2705.9;67.1;612;492
2021-09-11T18:55:00+02:00;2737;68;612;492
2021-09-11T19:00:00+02:00;2776.4444444444443;68.77777777777777;612;491.77777777777777
2021-09-11T19:05:00+02:00;2783.7;68.8;611.7;491.2
2021-09-11T19:10:00+02:00;2796.1;69.3;612;491.6
2021-09-11T19:15:00+02:00;2804.5;70;612;491.5
2021-09-11T19:20:00+02:00;2805.3;70;612;491
2021-09-11T19:25:00+02:00;2814;70;611.8;491
2021-09-11T19:30:00+02:00;2863.5;71;611.5;491
2021-09-11T19:35:00+02:00;2822.2;70.3;612;491
2021-09-11T19:40:00+02:00;2860.9;71.4;611.3;491
2021-09-11T19:45:00+02:00;2885.1111111111113;72;611.2222222222222;491
2021-09-11T19:50:00+02:00;2867.1;71.7;611;490.4
2021-09-11T19:55:00+02:00;2818.5;69.8;611.5;490
2021-09-11T20:00:00+02:00;2722.5;67;612;490
2021-09-11T20:05:00+02:00;2712.4;67;612;490
2021-09-11T20:10:00+02:00;2721.1;67;612.1;490
2021-09-11T20:15:00+02:00;2774.6;68.5;613;489.4
2021-09-11T20:20:00+02:00;2814.5;69.8;612.4;489.2
2021-09-11T20:25:00+02:00;2827.7;70;612;489
2021-09-11T20:30:00+02:00;2839;71;612;489
2021-09-11T20:35:00+02:00;2838.3333333333335;71;612;489
2021-09-11T20:40:00+02:00;2797.6;69.4;612;489
2021-09-11T20:45:00+02:00;2810;69.8;612;489
2021-09-11T20:50:00+02:00;2801.2;69.7;612.4;489
2021-09-11T20:55:00+02:00;2816.7;69.8;612;489
2021-09-11T21:00:00+02:00;2837.5;70.7;612.5;489
2021-09-11T21:05:00+02:00;2883.6;71.7;612;488.8
2021-09-11T21:10:00+02:00;2889;72.4;612;489
2021-09-11T21:15:00+02:00;2851.9;71.4;612;489
2021-09-11T21:20:00+02:00;2833.1;71;612;489
2021-09-11T21:25:00+02:00;2825.222222222222;71;612.3333333333334;489
2021-09-11T21:30:00+02:00;2816;70.6;612;489
2021-09-11T21:35:00+02:00;2796;70;612.2;489
2021-09-11T21:40:00+02:00;2792;69.7;612.2;489
2021-09-11T21:45:00+02:00;2792.1;70;612.3;489
2021-09-11T21:50:00+02:00;2768.8;69.2;612.3;488.5
2021-09-11T21:55:00+02:00;2739.7;68.3;612.8;488.5
2021-09-11T22:00:00+02:00;2707.8;67.4;613;488.3
2021-09-11T22:05:00+02:00;2611.8;64.5;613;488.2
2021-09-11T22:10:00+02:00;2521.7;61.7;613.6;488
2021-09-11T22:15:00+02:00;2446;59;614;488
2021-09-11T22:20:00+02:00;2419.5;58;615;488
2021-09-11T22:25:00+02:00;2447.4;58.7;615;488
2021-09-11T22:30:00+02:00;2473.7;59.1;615;488
2021-09-11T22:35:00+02:00;2469.8;59.1;615;488
2021-09-11T22:40:00+02:00;2423;58;615;488
2021-09-11T22:45:00+02:00;2419.8;58;615.6;488
2021-09-11T22:50:00+02:00;2439;59;616;488
2021-09-11T22:55:00+02:00;2487;60;615;488
2021-09-11T23:00:00+02:00;2490.4444444444443;60;615;488
2021-09-11T23:05:00+02:00;2466.1;59.5;615;488
2021-09-11T23:10:00+02:00;2468.2;59;615.2;488
2021-09-11T23:15:00+02:00;2486.8;59.5;615.2;488
2021-09-11T23:20:00+02:00;2501;60;615;488
2021-09-11T23:25:00+02:00;2496.1;60;615;488
2021-09-11T23:30:00+02:00;2457.7;59.1;615.3;488
2021-09-11T23:35:00+02:00;2393.4;56.8;615.8;488
2021-09-11T23:40:00+02:00;2328.5;55;616;488
2021-09-11T23:45:00+02:00;2274.2;53.5;616.2;488
2021-09-11T23:50:00+02:00;2287.222222222222;53.333333333333336;617;488
2021-09-11T23:55:00+02:00;2364.5;55.7;617;487.4
2021-09-12T00:00:00+02:00;2374.3;56;617;487.7
2021-09-12T00:05:00+02:00;2356;55.5;617;487
2021-09-12T00:10:00+02:00;2339;55;617;487
2021-09-12T00:15:00+02:00;2269.1;52.8;617;487
2021-09-12T00:20:00+02:00;2259.8;52.4;617;487
2021-09-12T00:25:00+02:00;2333.2;54.8;617;487
2021-09-12T00:30:00+02:00;2317.2;54;617;487
2021-09-12T00:35:00+02:00;2310.5;54;617;487
2021-09-12T00:40:00+02:00;2284.5;53.2;617;487
2021-09-12T00:45:00+02:00;2292.777777777778;53;617;487
2021-09-12T00:50:00+02:00;2263.5;52.5;617;487
2021-09-12T00:55:00+02:00;2233.1;51.6;617;486.5
2021-09-12T01:00:00+02:00;2252.9;52.2;617.6;487
2021-09-12T01:05:00+02:00;2309.7;54;617.7;487
2021-09-12T01:10:00+02:00;2328.2;55;617.2;487
2021-09-12T01:15:00+02:00;2376.6;55.7;617;487
2021-09-12T01:20:00+02:00;2391.3;56.7;617;487
2021-09-12T01:25:00+02:00;2408.8;57.4;617;487
2021-09-12T01:30:00+02:00;2436;58.9;617;487
2021-09-12T01:35:00+02:00;2447.1111111111113;59.22222222222222;617;487
2021-09-12T01:40:00+02:00;2420;58.5;616;487
2021-09-12T01:45:00+02:00;2418.3;58.5;616;487
2021-09-12T01:50:00+02:00;2392.8;57.5;616.4;487
2021-09-12T01:55:00+02:00;2353.4;56.4;616.7;487
2021-09-12T02:00:00+02:00;2331.5;56;617;487
2021-09-12T02:05:00+02:00;2327.5;55.7;617;487
2021-09-12T02:10:00+02:00;2323.5;55.8;617;487
2021-09-12T02:15:00+02:00;2300.3;55;617;487
2021-09-12T02:20:00+02:00;2286.4;54.2;617.1;486.9
2021-09-12T02:25:00+02:00;2273.3;54.1;617.1;486.6
2021-09-12T02:30:00+02:00;2268;54;617.2222222222222;487
2021-09-12T02:35:00+02:00;2252.7;53.6;617.4;486.8
2021-09-12T02:40:00+02:00;2237.9;53;618;486.9
2021-09-12T02:45:00+02:00;2247.5;53;618;486.7
2021-09-12T02:50:00+02:00;2242.5;53;618;486.7
2021-09-12T02:55:00+02:00;2277.7;54;618;486.4
2021-09-12T03:00:00+02:00;2283;54.2;618;486.4
2021-09-12T03:05:00+02:00;2309.2;55;618;486.3
2021-09-12T03:10:00+02:00;2347.1;56.4;617.5;486.9
2021-09-12T03:15:00+02:00;2381;56.7;617;487
2021-09-12T03:20:00+02:00;2394;57.55555555555556;617;487
2021-09-12T03:25:00+02:00;2457;59.3;617;487
2021-09-12T03:30:00+02:00;2486;60;616.8;487
2021-09-12T03:35:00+02:00;2471.5;60;616.2;487
2021-09-12T03:40:00+02:00;2486.9;60;616;487
2021-09-12T03:45:00+02:00;2499.1;60.9;616;487
2021-09-12T03:50:00+02:00;2521.8;62;616;487
2021-09-12T03:55:00+02:00;2555.5;62.5;616;487
2021-09-12T04:00:00+02:00;2514.5;61.3;616;487
2021-09-12T04:05:00+02:00;2466.9;59.6;616;487
2021-09-12T04:10:00+02:00;2470.8888888888887;59.666666666666664;616;487
2021-09-12T04:15:00+02:00;2476.7;59.8;616;487
2021-09-12T04:20:00+02:00;2468.7;59.5;616;487
2021-09-12T04:25:00+02:00;2484.5;60;616;487
2021-09-12T04:30:00+02:00;2475;60;616;486.5
2021-09-12T04:35:00+02:00;2394.8;57.3;616;486.8
2021-09-12T04:40:00+02:00;2421.8;58.2;616;486.3
2021-09-12T04:45:00+02:00;2456.9;59.1;616;486
2021-09-12T04:50:00+02:00;2480;59.5;616;486
2021-09-12T04:55:00+02:00;2484.5;59.7;616;486
2021-09-12T05:00:00+02:00;2452;59;616;486
2021-09-12T05:05:00+02:00;2436.777777777778;59;616;486
2021-09-12T05:10:00+02:00;2514.1;60.6;616;486.3
2021-09-12T05:15:00+02:00;2541.2;61.8;616;486.3
2021-09-12T05:20:00+02:00;2569.5;62.5;616;487
2021-09-12T05:25:00+02:00;2604.9;63.5;615;486.7
2021-09-12T05:30:00+02:00;2582;63.2;615;486.8
2021-09-12T05:35:00+02:00;2589.3;63.3;615;486.4
2021-09-12T05:40:00+02:00;2599.5;63.5;615;486.9
2021-09-12T05:45:00+02:00;2587.5;63.6;615;487
2021-09-12T05:50:00+02:00;2587.5;63.2;615;487
2021-09-12T05:55:00+02:00;2586.5;63.5;615;486.5
2021-09-12T06:00:00+02:00;2580.4444444444443;63.333333333333336;615;486.3333333333333
2021-09-12T06:05:00+02:00;2533.7;62;615;486.2
2021-09-12T06:10:00+02:00;2520;61.2;615;486.3
2021-09-12T06:15:00+02:00;2525;61;615;486.2
2021-09-12T06:20:00+02:00;2523;61;615;486
2021-09-12T06:25:00+02:00;2509;61;615.3;486
2021-09-12T06:30:00+02:00;2509;61;615.1;486
2021-09-12T06:35:00+02:00;2515;61;616;486
2021-09-12T06:40:00+02:00;2508.3;61;615;486
2021-09-12T06:45:00+02:00;2507.8888888888887;61.333333333333336;615.3333333333334;486
2021-09-12T06:50:00+02:00;2533.7;61.9;615;486
2021-09-12T06:55:00+02:00;2562.2;62.6;615;486
2021-09-12T07:00:00+02:00;2564.5;63;615;486
2021-09-12T07:05:00+02:00;2580;63.3;615;486
2021-09-12T07:10:00+02:00;2590.1;63.4;615;486
2021-09-12T07:15:00+02:00;2659.1;65.2;615;486
2021-09-12T07:20:00+02:00;2700.6;66.6;614.6;486.2
2021-09-12T07:25:00+02:00;2719.4;67.6;614;486.1
2021-09-12T07:30:00+02:00;2734.5;68;614;486.2
2021-09-12T07:35:00+02:00;2761.6666666666665;68.44444444444444;614;486.6666666666667
2021-09-12T07:40:00+02:00;2772.1;69;614;486.4
2021-09-12T07:45:00+02:00;2756.5;68.9;614;487
2021-09-12T07:50:00+02:00;2730.5;68;613.7;487
2021-09-12T07:55:00+02:00;2723;68;613.7;486.8
2021-09-12T08:00:00+02:00;2727.3;68;614;486.8
2021-09-12T08:05:00+02:00;2698.4;67.3;614;486.9
2021-09-12T08:10:00+02:00;2670.5;66.6;614;486.6
2021-09-12T08:15:00+02:00;2671;66.1;614;486.5
2021-09-12T08:20:00+02:00;2669;66.2;614;486
2021-09-12T08:25:00+02:00;2671;66.8;614;486
2021-09-12T08:30:00+02:00;2692.6666666666665;67;614;486
2021-09-12T08:35:00+02:00;2648;65.8;614;486
2021-09-12T08:40:00+02:00;2675.6;66.5;614;486
2021-09-12T08:45:00+02:00;2727.7;68.3;614;486
2021-09-12T08:50:00+02:00;2737.2;68.3;614;486
2021-09-12T08:55:00+02:00;2760;69;614;486
2021-09-12T09:00:00+02:00;2747.7;68.7;613.5;486
2021-09-12T09:05:00+02:00;2692.2;67.2;614;486
2021-09-12T09:10:00+02:00;2756.1;69.1;613.6;486
2021-09-12T09:15:00+02:00;2798.9;70.6;613.6;485.8
2021-09-12T09:20:00+02:00;2834.6;71.6;613;485.8
2021-09-12T09:25:00+02:00;2899.8888888888887;73.22222222222223;613;486
2021-09-12T09:30:00+02:00;2914.8;73.4;612.9;486
2021-09-12T09:35:00+02:00;2861.3;72.2;612;485.2
2021-09-12T09:40:00+02:00;2873;72.8;612;486
2021-09-12T09:45:00+02:00;2896.8;73.2;612;485.2
2021-09-12T09:50:00+02:00;2938.8;74;612;485
2021-09-12T09:55:00+02:00;2961;75;612;485.2
2021-09-12T10:00:00+02:00;2973.5;75;612;485
2021-09-12T10:05:00+02:00;2967.5;75;612;485
2021-09-12T10:10:00+02:00;2921.777777777778;74.11111111111111;612;485
2021-09-12T10:15:00+02:00;2910.7;74;612;485
2021-09-12T10:20:00+02:00;2892;73.6;612;485
2021-09-12T10:25:00+02:00;2873.3;72.9;612;484.6
2021-09-12T10:30:00+02:00;2886.7;73.2;612.3;484
2021-09-12T10:35:00+02:00;2989.2;75.9;612;484
2021-09-12T10:40:00+02:00;2929.5;74.2;612;484
2021-09-12T10:45:00+02:00;2941.7;74.5;612;484
2021-09-12T10:50:00+02:00;2979.7;74.8;611.8;483.7
2021-09-12T10:55:00+02:00;2985.4444444444443;75.44444444444444;611.3333333333334;483
2021-09-12T11:00:00+02:00;3004.7;75.5;611;483
2021-09-12T11:05:00+02:00;2992.8;75.5;611;483
2021-09-12T11:10:00+02:00;2948.7;74;611;483
2021-09-12T11:15:00+02:00;2981.3;75;611;483
2021-09-12T11:20:00+02:00;3050.875;76.75;611;483
2021-09-12T11:25:00+02:00;3074;77.4;611;483
2021-09-12T11:30:00+02:00;3095.9;77.7;610.7;483
2021-09-12T11:35:00+02:00;3110.8;78.7;610;483
2021-09-12T11:40:00+02:00;3067.3;77.5;610.3;483
2021-09-12T11:45:00+02:00;3051.5;77;610;483
2021-09-12T11:50:00+02:00;3052.5;77;610;483
2021-09-12T11:55:00+02:00;3009;75.22222222222223;610;483
2021-09-12T12:00:00+02:00;2984.5;74.7;610.3;483
2021-09-12T12:05:00+02:00;2948;74;610.7;483
2021-09-12T12:10:00+02:00;2910;73;611;483
2021-09-12T12:15:00+02:00;2913.8;73.1;611;482.9
2021-09-12T12:20:00+02:00;2923.5;73.9;611;482
2021-09-12T12:25:00+02:00;2906.3;73;611;482
2021-09-12T12:30:00+02:00;2899.8;72.5;611;482
2021-09-12T12:35:00+02:00;2905;73.5;611;482
2021-09-12T12:40:00+02:00;2902.2;72.8;611;482
2021-09-12T12:45:00+02:00;2885;72;611;482
2021-09-12T12:50:00+02:00;2877.8888888888887;71.11111111111111;611;482
2021-09-12T12:55:00+02:00;2814;69.7;611.3;482
2021-09-12T13:00:00+02:00;2798;69;611.2;482
2021-09-12T13:05:00+02:00;2805;68.3;612;481.5
2021-09-12T13:10:00+02:00;2798.1;68;612;481.6
2021-09-12T13:15:00+02:00;2804.5;68.9;612;481.5
2021-09-12T13:20:00+02:00;2831.9;68.7;612;481.6
2021-09-12T13:25:00+02:00;2852.5;68.4;611.9;481.7
2021-09-12T13:30:00+02:00;2874.7;68.8;611.8;482
2021-09-12T13:35:00+02:00;2788.9;66.6;611.5;482
2021-09-12T13:40:00+02:00;2810.8;67.7;612;482
2021-09-12T13:45:00+02:00;2828.777777777778;68.55555555555556;612;482
2021-09-12T13:50:00+02:00;2802.1;67.7;612;482
2021-09-12T13:55:00+02:00;2777.5;67;612;482
2021-09-12T14:00:00+02:00;2825;68.8;611.8;481.8
2021-09-12T14:05:00+02:00;2647.7;65;612;482
2021-09-12T14:10:00+02:00;2666.2;65;612;482
2021-09-12T14:15:00+02:00;2602.4;62.9;612.9;482
2021-09-12T14:20:00+02:00;2565.7;62;613;482
2021-09-12T14:25:00+02:00;2556.3;61.7;613;482
2021-09-12T14:30:00+02:00;2530.5;60.7;613.8;482
2021-09-12T14:35:00+02:00;2498.1111111111113;59.22222222222222;614;482
2021-09-12T14:40:00+02:00;2528.1;60.9;614;482
2021-09-12T14:45:00+02:00;2496;59.8;614;482
2021-09-12T14:50:00+02:00;2460;58.7;614;482
2021-09-12T14:55:00+02:00;2465.5;58.3;614;482
2021-09-12T15:00:00+02:00;2451.1;57.1;614;482
2021-09-12T15:05:00+02:00;2403;55;614.2;482
2021-09-12T15:10:00+02:00;2416.8;55;614.2;482
2021-09-12T15:15:00+02:00;2470.4;56.8;614.4;482
2021-09-12T15:20:00+02:00;2522.5;58.3;614.1;482.1
2021-09-12T15:25:00+02:00;2563.5;60;614;482.2
2021-09-12T15:30:00+02:00;2561.6666666666665;60.44444444444444;614;482.55555555555554
2021-09-12T15:35:00+02:00;2577;61;614;482.5
2021-09-12T15:40:00+02:00;2592.4;61.9;614;482.9
2021-09-12T15:45:00+02:00;2593.8;62;614;483
2021-09-12T15:50:00+02:00;2577;61.4;614;483
2021-09-12T15:55:00+02:00;2549.5;60.5;614;483
2021-09-12T16:00:00+02:00;2513;59.3;614;483
2021-09-12T16:05:00+02:00;2514.2;59;614;483
2021-09-12T16:10:00+02:00;2514;59;614;483
2021-09-12T16:15:00+02:00;2493.1;59;614;483
2021-09-12T16:20:00+02:00;2491.6666666666665;58.77777777777778;614;483
2021-09-12T16:25:00+02:00;2470.8;58.3;614;483
2021-09-12T16:30:00+02:00;2457.6;58;614.6;483
2021-09-12T16:35:00+02:00;2455.8;58;614.9;483
2021-09-12T16:40:00+02:00;2450.8;58.2;615;483
2021-09-12T16:45:00+02:00;2432.8;57;615;483
2021-09-12T16:50:00+02:00;2427;57;615;483.2
2021-09-12T16:55:00+02:00;2458.4;57;615;483
2021-09-12T17:00:00+02:00;2446;57.5;615;483.4
2021-09-12T17:05:00+02:00;2478.8;58.3;615;483.4
2021-09-12T17:10:00+02:00;2500.2;58.7;615;483.3
2021-09-12T17:15:00+02:00;2526.5555555555557;59.22222222222222;615;483.55555555555554
2021-09-12T17:20:00+02:00;2586.5;61;614.3;483
2021-09-12T17:25:00+02:00;2616.9;61.9;614;483
2021-09-12T17:30:00+02:00;2700.1;65.4;614;483
2021-09-12T17:35:00+02:00;2753.4;67;613.4;483.6
2021-09-12T17:40:00+02:00;2772.8;67.5;613;484
2021-09-12T17:45:00+02:00;2781.9;68.2;613;483.8
2021-09-12T17:50:00+02:00;2815.8;69;612.6;484
2021-09-12T17:55:00+02:00;2837.2;69.2;612;483.6
2021-09-12T18:00:00+02:00;2824.4;69.1;612;484
2021-09-12T18:05:00+02:00;2732.7;66;612;483.9
2021-09-12T18:10:00+02:00;2744;66.33333333333333;612;483.77777777777777
2021-09-12T18:15:00+02:00;2779.2;67.4;612;483.7
2021-09-12T18:20:00+02:00;2755.4;67;612;484
2021-09-12T18:25:00+02:00;2763.9;67.1;612;483.4
2021-09-12T18:30:00+02:00;2773.8;68;612;483
2021-09-12T18:35:00+02:00;2726.6;66.2;612.5;483
2021-09-12T18:40:00+02:00;2782.9;67.8;612.5;483
2021-09-12T18:45:00+02:00;2834.1428571428573;69.71428571428571;612;483
2021-09-12T18:50:00+02:00;2886.1;71.2;612;483
2021-09-12T18:55:00+02:00;2959.4;73.1;611.9;483
2021-09-12T19:00:00+02:00;3009.6;74.1;611;482.7
2021-09-12T19:05:00+02:00;3041.1111111111113;75;610.7777777777778;482.55555555555554
2021-09-12T19:10:00+02:00;3038.5;75.3;610.6;482.3
2021-09-12T19:15:00+02:00;3074.9;76.2;610;482
2021-09-12T19:20:00+02:00;3115.4;77.4;610;482
2021-09-12T19:25:00+02:00;3176.1;79.3;610;482
2021-09-12T19:30:00+02:00;3242.8;81.5;609;482
2021-09-12T19:35:00+02:00;3307.5;85;609;482
2021-09-12T19:40:00+02:00;3364;86.5;608.3;482
2021-09-12T19:45:00+02:00;3421.6;88.3;608;482
2021-09-12T19:50:00+02:00;3455.5;89.7;607.6;482
2021-09-12T19:55:00+02:00;3421.6;88.6;607;481.4
2021-09-12T20:00:00+02:00;3355.1111111111113;86.77777777777777;607.7777777777778;481
2021-09-12T20:05:00+02:00;3346.5;86;608;481.5
2021-09-12T20:10:00+02:00;3358.8;86;608;481
2021-09-12T20:15:00+02:00;3317.3;85.1;608;481.1
2021-09-12T20:20:00+02:00;3286.1;84.2;608;481.2
2021-09-12T20:25:00+02:00;3228.2;82.2;608.3;481
2021-09-12T20:30:00+02:00;3190.5;81;609;481
2021-09-12T20:35:00+02:00;3197.9;80.8;609;481
2021-09-12T20:40:00+02:00;3167;80;609;481
2021-09-12T20:45:00+02:00;3154.9;79.1;609.2;481
2021-09-12T20:50:00+02:00;3128.6;78.2;609.4;481
2021-09-12T20:55:00+02:00;3110.222222222222;78.11111111111111;609.6666666666666;481
2021-09-12T21:00:00+02:00;3110.5;78;610;481
2021-09-12T21:05:00+02:00;3108.5;78;609.8;481
2021-09-12T21:10:00+02:00;3114.9;78.5;609.9;480.9
2021-09-12T21:15:00+02:00;3056.9;77;610;480.9
2021-09-12T21:20:00+02:00;3059.8;77;610;480.6
2021-09-12T21:25:00+02:00;3036.5;76.2;610;481
2021-09-12T21:30:00+02:00;2981.6;74.2;610.5;481
2021-09-12T21:35:00+02:00;2974.5;74.8;611;481
2021-09-12T21:40:00+02:00;3007.4;74.4;611;481
2021-09-12T21:45:00+02:00;3040.8888888888887;75.88888888888889;611;481
2021-09-12T21:50:00+02:00;3020.3;76;611;481
2021-09-12T21:55:00+02:00;3061.2;77;611;481
2021-09-12T22:00:00+02:00;3007.3;75.6;611;481
2021-09-12T22:05:00+02:00;2942.8;73.8;611;481
2021-09-12T22:10:00+02:00;2911.3;72.6;611;481
2021-09-12T22:15:00+02:00;2868.6;71.3;611.3;481
2021-09-12T22:20:00+02:00;2850;70.3;612;481
2021-09-12T22:25:00+02:00;2801.4;69;612;481
2021-09-12T22:30:00+02:00;2797.5;69;612.3;481.2
2021-09-12T22:35:00+02:00;2770.2;68.3;612.5;481.8
2021-09-12T22:40:00+02:00;2744.6;67.4;612.5;481.4
2021-09-12T22:45:00+02:00;2734.3333333333335;67.33333333333333;612.8888888888889;482
2021-09-12T22:50:00+02:00;2701.5;66.8;613;482
2021-09-12T22:55:00+02:00;2655.7;66;613;482
2021-09-12T23:00:00+02:00;2647.5;65.1;613.5;482
2021-09-12T23:05:00+02:00;2595.4;63.9;613.5;482
2021-09-12T23:10:00+02:00;2650.2;65.4;613.8;482
2021-09-12T23:15:00+02:00;2687;66;614;481.7
2021-09-12T23:20:00+02:00;2669;66;614;482
2021-09-12T23:25:00+02:00;2674.2;66;614;482
2021-09-12T23:30:00+02:00;2653.8;66;614;482
2021-09-12T23:35:00+02:00;2712.8;67.2;614;482
2021-09-12T23:40:00+02:00;2723.8888888888887;67.33333333333333;613.4444444444445;482
2021-09-12T23:45:00+02:00;2714.7;67.5;613;482
2021-09-12T23:50:00+02:00;2753.5;68.2;613;482
2021-09-12T23:55:00+02:00;2782;69;613;482
2021-09-13T00:00:00+02:00;2805;69.3;613;482
2021-09-13T00:05:00+02:00;2878.1;72;612.6;482.4
2021-09-13T00:10:00+02:00;2882;72;612;483
2021-09-13T00:15:00+02:00;2850.8;71.2;612;483
2021-09-13T00:20:00+02:00;2833.3;71;612;483
2021-09-13T00:25:00+02:00;2825.5;70;612;483
2021-09-13T00:30:00+02:00;2820.5;70.2;612.2;483
2021-09-13T00:35:00+02:00;2837.5555555555557;71;612.1111111111111;483
2021-09-13T00:40:00+02:00;2827.7;71;612;483
2021-09-13T00:45:00+02:00;2809.3;70;612.3;483
2021-09-13T00:50:00+02:00;2738.6;68;612.8;483
2021-09-13T00:55:00+02:00;2703.7;67;613;483
2021-09-13T01:00:00+02:00;2677.6;67;613;483
2021-09-13T01:05:00+02:00;2687.5;66.7;613;483
2021-09-13T01:10:00+02:00;2685.3;66.9;613.1;483
2021-09-13T01:15:00+02:00;2693.5;66.8;613.4;483
2021-09-13T01:20:00+02:00;2678.5;66.2;613.6;483
2021-09-13T01:25:00+02:00;2697.2;66.8;613.7;483
2021-09-13T01:30:00+02:00;2701.222222222222;67;613.5555555555555;483
2021-09-13T01:35:00+02:00;2714.8;67.3;613.3;483
2021-09-13T01:40:00+02:00;2729.2;68;613.2;483
2021-09-13T01:45:00+02:00;2742;68;613;483
2021-09-13T01:50:00+02:00;2722.8;67.5;613.3;483
2021-09-13T01:55:00+02:00;2752.8;68.7;613.3;483
2021-09-13T02:00:00+02:00;2817;70.4;613;483
2021-09-13T02:05:00+02:00;2856.7;72;613;483
2021-09-13T02:10:00+02:00;2885.1;73;612.9;483.6
2021-09-13T02:15:00+02:00;2879.7;72.7;612.8;484
2021-09-13T02:20:00+02:00;2852.5555555555557;72;612.3333333333334;483.22222222222223
2021-09-13T02:25:00+02:00;2805.8;71.1;612.9;483.9
2021-09-13T02:30:00+02:00;2815.6;71.1;612.6;484
2021-09-13T02:35:00+02:00;2808.8;70.8;612.3;484
2021-09-13T02:40:00+02:00;2793.7;70.5;613;484
2021-09-13T02:45:00+02:00;2820;71.2;613;484
2021-09-13T02:50:00+02:00;2827.6;71.6;612.7;484
2021-09-13T02:55:00+02:00;2760.6;70;612.8;484
2021-09-13T03:00:00+02:00;2755.7;69.1;613;484
2021-09-13T03:05:00+02:00;2659.1;66.3;613;484
2021-09-13T03:10:00+02:00;2671.3;66.9;613;484
2021-09-13T03:15:00+02:00;2721.1111111111113;68.11111111111111;613;484
2021-09-13T03:20:00+02:00;2768.6;69.9;613;484
2021-09-13T03:25:00+02:00;2749.5;69;613;483.7
2021-09-13T03:30:00+02:00;2735;68.4;613;483.7
2021-09-13T03:35:00+02:00;2710.3;68.2;613;483.4
2021-09-13T03:40:00+02:00;2763.9;69.6;613;483.6
2021-09-13T03:45:00+02:00;2768;69.8;613;483
2021-09-13T03:50:00+02:00;2773.5;69;613;483.6
2021-09-13T03:55:00+02:00;2783.4;69.7;613;483.3
2021-09-13T04:00:00+02:00;2804.5;70.1;613;483.3
2021-09-13T04:05:00+02:00;2831.1;71.1;613;483.2
2021-09-13T04:10:00+02:00;2875.3333333333335;72.77777777777777;612.7777777777778;483.22222222222223
2021-09-13T04:15:00+02:00;2908.5;73.7;612;483.3
2021-09-13T04:20:00+02:00;2935.6;74.4;612;483.3
2021-09-13T04:25:00+02:00;2946.8;74.7;612;483.1
2021-09-13T04:30:00+02:00;2911.3;74;612;483.2
2021-09-13T04:35:00+02:00;2919;74;612;483.5
2021-09-13T04:40:00+02:00;2948.5;74.8;612;483
2021-09-13T04:45:00+02:00;2963.8;75.9;611.7;483
2021-09-13T04:50:00+02:00;2928.5;74.2;611.5;483.1
2021-09-13T04:55:00+02:00;2868.4;72.1;612;483.1
2021-09-13T05:00:00+02:00;2804.3;70.7;612;483
2021-09-13T05:05:00+02:00;2790.2;70.5;612.5;483
2021-09-13T05:10:00+02:00;2809.8888888888887;71;613;483
2021-09-13T05:15:00+02:00;2861.8;72.8;612.7;483
2021-09-13T05:20:00+02:00;2889.2;73.6;612;482.9
2021-09-13T05:25:00+02:00;2901.7;74;612;482.3
2021-09-13T05:30:00+02:00;2930.5;74.5;612;482.5
2021-09-13T05:35:00+02:00;2956;75.2;612;482
2021-09-13T05:40:00+02:00;2983.4;76;612;482
2021-09-13T05:45:00+02:00;3003.4;76;612;482
2021-09-13T05:50:00+02:00;3053.6;77.8;611.4;481.6
2021-09-13T05:55:00+02:00;3071.5;78;611;481
2021-09-13T06:00:00+02:00;3116.5;79.5;611;481
2021-09-13T06:05:00+02:00;3187.6666666666665;82;610.2222222222222;481
2021-09-13T06:10:00+02:00;3257.1;84.8;610;481
2021-09-13T06:15:00+02:00;3342;87;609.2;481
2021-09-13T06:20:00+02:00;3423.3;89.3;609;480.4
2021-09-13T06:25:00+02:00;3508.2;92.8;608.8;480
2021-09-13T06:30:00+02:00;3699.4;99.6;608;480
2021-09-13T06:35:00+02:00;3823.7;103.7;607;480
2021-09-13T06:40:00+02:00;3986.1;108.7;605.9;480
2021-09-13T06:45:00+02:00;4109.8;112.1;605;480.9
2021-09-13T06:50:00+02:00;4128.2;113;604.4;480.7
2021-09-13T06:55:00+02:00;4185.2;115;604;481
2021-09-13T07:00:00+02:00;4170;115;603;481
2021-09-13T07:05:00+02:00;4124.2;113.8;602.4;481
2021-09-13T07:10:00+02:00;4099.2;113.6;602;481
2021-09-13T07:15:00+02:00;4104.9;114.4;601.4;481
2021-09-13T07:20:00+02:00;4070.7;113;601;481
2021-09-13T07:25:00+02:00;4137;115;600.6;481
2021-09-13T07:30:00+02:00;4132.5;115.1;600;481
2021-09-13T07:35:00+02:00;4087;114.3;599.4;480.9
2021-09-13T07:40:00+02:00;4057;113.8;599;480
2021-09-13T07:45:00+02:00;4064.2;114;598.2;480
2021-09-13T07:50:00+02:00;4045;114;598;480
2021-09-13T07:55:00+02:00;4055;114;598;480
2021-09-13T08:00:00+02:00;4007.2;113.1;598;480
2021-09-13T08:05:00+02:00;3917.9;110.6;597.7;480
2021-09-13T08:10:00+02:00;3912.5;110.5;598;479.8
2021-09-13T08:15:00+02:00;3908.3;110.5;598;480
2021-09-13T08:20:00+02:00;3910.3;110.4;598;480
2021-09-13T08:25:00+02:00;3994.6;112.4;598;480
2021-09-13T08:30:00+02:00;4044;114;597.4;479.4
2021-09-13T08:35:00+02:00;4103.9;115.8;597;479.7
2021-09-13T08:40:00+02:00;4129;116.8;596.4;480
2021-09-13T08:45:00+02:00;4122.666666666667;117;596;479.77777777777777
2021-09-13T08:50:00+02:00;4120.5;117.4;595.1;479.9
2021-09-13T08:55:00+02:00;4113.1;117.5;594.4;480
2021-09-13T09:00:00+02:00;4083;116.8;594;479.6
2021-09-13T09:05:00+02:00;4068.8;117;594;479.8
2021-09-13T09:10:00+02:00;4066.3;117;593;480
2021-09-13T09:15:00+02:00;4000.6;115.6;593;479.8
2021-09-13T09:20:00+02:00;3951.5;114.3;593;480
2021-09-13T09:25:00+02:00;3937;114;593;480
